Threshold,Precision,Recall,F1 Score
0.3,0.45694444444444443,0.8796791443850267,0.6014625228519196
0.4,0.5,0.839572192513369,0.626746506986028
0.5,0.5423728813559322,0.7700534759358288,0.63646408839779
0.6,0.5995145631067961,0.660427807486631,0.628498727735369
0.7,0.6418439716312057,0.4839572192513369,0.551829268292683
